Guten Tag,chatbotkommunikation_kommunikation_bot_begruessung
Hallo,chatbotkommunikation_kommunikation_bot_begruessung
Guten Mittag,chatbotkommunikation_kommunikation_bot_begruessung
Guten Morgen,chatbotkommunikation_kommunikation_bot_begruessung
Hey,chatbotkommunikation_kommunikation_bot_begruessung
Moin,chatbotkommunikation_kommunikation_bot_begruessung
Servus,chatbotkommunikation_kommunikation_bot_begruessung
Guten Abend,chatbotkommunikation_kommunikation_bot_begruessung
Morgen,chatbotkommunikation_kommunikation_bot_begruessung
Hi,chatbotkommunikation_kommunikation_bot_begruessung
Heyho,chatbotkommunikation_kommunikation_bot_begruessung
Huhu,chatbotkommunikation_kommunikation_bot_begruessung
Moinsen,chatbotkommunikation_kommunikation_bot_begruessung
Hello,chatbotkommunikation_kommunikation_bot_begruessung
Danke,chatbotkommunikation_kommunikation_bot_danke
Thx,chatbotkommunikation_kommunikation_bot_danke
Dankeschön,chatbotkommunikation_kommunikation_bot_danke
Tausend Dank,chatbotkommunikation_kommunikation_bot_danke
Vielen Dank,chatbotkommunikation_kommunikation_bot_danke
Merci,chatbotkommunikation_kommunikation_bot_danke
Welche Funktionen gibt es hier?,chatbotkommunikation_kommunikation_bot_funktionalitaet
Was ist das für ein Chatbot?,chatbotkommunikation_kommunikation_bot_funktionalitaet
Wie kannst du mir helfen?,chatbotkommunikation_kommunikation_bot_funktionalitaet
Was kann ich hier tun?,chatbotkommunikation_kommunikation_bot_funktionalitaet
Nach was kann ich fragen?,chatbotkommunikation_kommunikation_bot_funktionalitaet
Wie funktioniert das hier?,chatbotkommunikation_kommunikation_bot_funktionalitaet
Was kannst du ?,chatbotkommunikation_kommunikation_bot_funktionalitaet
was kannst du?,chatbotkommunikation_kommunikation_bot_funktionalitaet
Wo sind wir?,chatbotkommunikation_kommunikation_bot_ort
Wo sollte ich sein?,chatbotkommunikation_kommunikation_bot_ort
Wo finde ich dich?,chatbotkommunikation_kommunikation_bot_ort
Wo soll ich mich aufhalten?,chatbotkommunikation_kommunikation_bot_ort
Wo bist du?,chatbotkommunikation_kommunikation_bot_ort
Was gibt es über dich wissen?,chatbotkommunikation_kommunikation_bot_persoenlich_allgemein
Wer ist diese Corina?,chatbotkommunikation_kommunikation_bot_persoenlich_allgemein
Erzähl mir von dir!,chatbotkommunikation_kommunikation_bot_persoenlich_allgemein
Wer spricht hier mit mir?,chatbotkommunikation_kommunikation_bot_persoenlich_allgemein
Ich möchte mehr über dich wissen!,chatbotkommunikation_kommunikation_bot_persoenlich_allgemein
Wer ist da?,chatbotkommunikation_kommunikation_bot_persoenlich_allgemein
Wie alt bist du?,chatbotkommunikation_kommunikation_bot_persoenlich_alter
Was ist ein Bot?,chatbotkommunikation_kommunikation_bot_persoenlich_bot
Was bist du?,chatbotkommunikation_kommunikation_bot_persoenlich_bot
Bist du ein Mensch?,chatbotkommunikation_kommunikation_bot_persoenlich_bot
Bist du ein Bot?,chatbotkommunikation_kommunikation_bot_persoenlich_bot
Was isst du gerne?,chatbotkommunikation_kommunikation_bot_persoenlich_essen
Was ist dein Lieblingsessen?,chatbotkommunikation_kommunikation_bot_persoenlich_essen
Wie ist deine Lieblingsfarbe?,chatbotkommunikation_kommunikation_bot_persoenlich_farbe
Was ist dein Geburstag?,chatbotkommunikation_kommunikation_bot_persoenlich_geburtstag
An welchem Tag bist du geboren?,chatbotkommunikation_kommunikation_bot_persoenlich_geburtstag
Wann bist du geboren?,chatbotkommunikation_kommunikation_bot_persoenlich_geburtstag
Wann hast du Geburtstag?,chatbotkommunikation_kommunikation_bot_persoenlich_geburtstag
Was für ein Geschlecht hast du?,chatbotkommunikation_kommunikation_bot_persoenlich_geschlecht
Welches Geschlecht hast du?,chatbotkommunikation_kommunikation_bot_persoenlich_geschlecht
Bist du ein Mann?,chatbotkommunikation_kommunikation_bot_persoenlich_geschlecht
Bist du eine Frau,chatbotkommunikation_kommunikation_bot_persoenlich_geschlecht
Du bist blöd!,chatbotkommunikation_kommunikation_bot_persoenlich_hass
Ich mag dich nicht!,chatbotkommunikation_kommunikation_bot_persoenlich_hass
Ich hasse dich!,chatbotkommunikation_kommunikation_bot_persoenlich_hass
Ich finde dich doof!,chatbotkommunikation_kommunikation_bot_persoenlich_hass
Wo kommst du her?,chatbotkommunikation_kommunikation_bot_persoenlich_herkunft
Ich liebe dich!,chatbotkommunikation_kommunikation_bot_persoenlich_liebe
Ich liebe Corinna!,chatbotkommunikation_kommunikation_bot_persoenlich_liebe
Wie heißt du?,chatbotkommunikation_kommunikation_bot_persoenlich_name
Wer bist du?,chatbotkommunikation_kommunikation_bot_persoenlich_name
Wer sind Sie?,chatbotkommunikation_kommunikation_bot_persoenlich_name
Wie heißen Sie?,chatbotkommunikation_kommunikation_bot_persoenlich_name
Das ist ein Test,chatbotkommunikation_kommunikation_bot_persoenlich_test
test,chatbotkommunikation_kommunikation_bot_persoenlich_test
Warum weißt du das alles?,chatbotkommunikation_kommunikation_bot_quellen
Wer hat dir das gesagt?,chatbotkommunikation_kommunikation_bot_quellen
Woher kommen die Informationen?,chatbotkommunikation_kommunikation_bot_quellen
Woher weißt du das?,chatbotkommunikation_kommunikation_bot_quellen
Auf welche Quellen beziehst du dich?,chatbotkommunikation_kommunikation_bot_quellen
Welche Quellen ziehst du heran?,chatbotkommunikation_kommunikation_bot_quellen
Das hat nicht geholfen.,chatbotkommunikation_kommunikation_bot_rueckmeldung_negativ
Da geht keiner ran?,chatbotkommunikation_kommunikation_bot_rueckmeldung_negativ
Das war nicht hilfreich,chatbotkommunikation_kommunikation_bot_rueckmeldung_negativ
Das war nicht hilfreich.,chatbotkommunikation_kommunikation_bot_rueckmeldung_negativ
Hilfreich war das nicht.,chatbotkommunikation_kommunikation_bot_rueckmeldung_negativ
Das war hilfreich!,chatbotkommunikation_kommunikation_bot_rueckmeldung_positiv
Das war hilfreich.,chatbotkommunikation_kommunikation_bot_rueckmeldung_positiv
Das hat geholfen.,chatbotkommunikation_kommunikation_bot_rueckmeldung_positiv
geil,chatbotkommunikation_kommunikation_bot_sonstiges
Gute Sache.,chatbotkommunikation_kommunikation_bot_sonstiges
Haha,chatbotkommunikation_kommunikation_bot_sonstiges
Nice,chatbotkommunikation_kommunikation_bot_sonstiges
Sehr geil,chatbotkommunikation_kommunikation_bot_sonstiges
Cool,chatbotkommunikation_kommunikation_bot_sonstiges
Das ist witzig.,chatbotkommunikation_kommunikation_bot_sonstiges
Funny,chatbotkommunikation_kommunikation_bot_sonstiges
Gute Nacht,chatbotkommunikation_kommunikation_bot_verabschiedung
Ciao,chatbotkommunikation_kommunikation_bot_verabschiedung
Machs gut,chatbotkommunikation_kommunikation_bot_verabschiedung
Tschüss,chatbotkommunikation_kommunikation_bot_verabschiedung
Auf Wiedersehen,chatbotkommunikation_kommunikation_bot_verabschiedung
Bye,chatbotkommunikation_kommunikation_bot_verabschiedung
Ich hab Corona,diagnostik_corona_bestaetigt_erkrankt
Ich bin krank,diagnostik_corona_bestaetigt_erkrankt
Ich bin positiv getestet,diagnostik_corona_bestaetigt_erkrankt
"Bei mir wurde Corona festgestellt, was jetzt?",diagnostik_corona_bestaetigt_erkrankt
Was mache ich bei Krankheitsfall?,diagnostik_corona_bestaetigt_erkrankt
Welche Verhaltensregeln gibt es für bestätigte Fälle?,diagnostik_corona_bestaetigt_erkrankt
Wie verhalte ich mich als akuter Patient?,diagnostik_corona_bestaetigt_erkrankt
Ich habe das Virus,diagnostik_corona_bestaetigt_erkrankt
Ich habe Covid 19,diagnostik_corona_bestaetigt_erkrankt
Ich habe Corona. Was nun?,diagnostik_corona_bestaetigt_erkrankt
Ich hatte Kontakt zu jemandem mit Corona,diagnostik_risiko_kontakt_positiv
Alle um mich herum sind krank,diagnostik_risiko_kontakt_positiv
Mein Kollege hat Corona,diagnostik_risiko_kontakt_positiv
Meine Eltern haben Corona,diagnostik_risiko_kontakt_positiv
Meine Freundin wurde positiv auf Corona getestet,diagnostik_risiko_kontakt_positiv
Ich komme aus Italien.,diagnostik_risiko_reise_ausland
Meine Reisegruppe hat Corona.,diagnostik_risiko_reise_ausland
Ich war letzte Woche Skifahren,diagnostik_risiko_reise_ausland
Ich war im Urlaub in Ägypten,diagnostik_risiko_reise_ausland
Ich war im Urlaub,diagnostik_risiko_reise_ausland
Ich lebe sonst in Frankreich.,diagnostik_risiko_reise_ausland
Ich komme gerade aus China zurück.,diagnostik_risiko_reise_ausland
Ich komme aus dem Ausland,diagnostik_risiko_reise_ausland
Ich bin Lungenkrank,diagnostik_risiko_vorerkrankung_positiv
Hab ich eine Vorerkrankung?,diagnostik_risiko_vorerkrankung_positiv
Ich wurde vor kurzem operiert,diagnostik_risiko_vorerkrankung_positiv
Ich habe eine immunschwäche,diagnostik_risiko_vorerkrankung_positiv
Ich habe schlechte Leber Werte,diagnostik_risiko_vorerkrankung_positiv
Ich habe eine Lebererkrankung,diagnostik_risiko_vorerkrankung_positiv
Ich habe eine Nierenerkrankung,diagnostik_risiko_vorerkrankung_positiv
Ich habe Krebs,diagnostik_risiko_vorerkrankung_positiv
Bin ich Teil einer Risikogruppe?,diagnostik_risiko_vorerkrankung_positiv
Ich rauche regelmäßig,diagnostik_risiko_vorerkrankung_positiv
Ich rauche seit 40 Jahren,diagnostik_risiko_vorerkrankung_positiv
Ich habe Herzkreislauferkrankungen,diagnostik_risiko_vorerkrankung_positiv
Ich habe erhöhten Blutdruck,diagnostik_risiko_vorerkrankung_positiv
Ich habe ein schwaches Immunsystem,diagnostik_risiko_vorerkrankung_positiv
Ich habe Diabetes,diagnostik_risiko_vorerkrankung_positiv
Ich habe chronischen Atemwegserkrankungen,diagnostik_risiko_vorerkrankung_positiv
Ich habe Asthma,diagnostik_risiko_vorerkrankung_positiv
Habe ich mich angesteckt?,diagnostik_symptome_beschreibung_corona
Beschreibe die häufigsten Symptome,diagnostik_symptome_beschreibung_corona
Mir ist übel,diagnostik_symptome_beschreibung_corona
Symptom,diagnostik_symptome_beschreibung_corona
Was sind typische Anzeichen des Virus?,diagnostik_symptome_beschreibung_corona
Welche Symptome sind typisch für Corona?,diagnostik_symptome_beschreibung_corona
Welche Symptome sind typisch für COVID-19?,diagnostik_symptome_beschreibung_corona
Habe ich Grippe oder Corona?,diagnostik_symptome_beschreibung_corona
Ich habe Durchfall,diagnostik_symptome_beschreibung_corona
ich habe fieber,diagnostik_symptome_beschreibung_corona
Ich habe Gliederschmerzen,diagnostik_symptome_beschreibung_corona
Ich habe husten,diagnostik_symptome_beschreibung_corona
ich fühle mich schlecht,diagnostik_symptome_beschreibung_corona
ich fühle mich krank,diagnostik_symptome_beschreibung_corona
Fieber,diagnostik_symptome_beschreibung_corona
Durchfall,diagnostik_symptome_beschreibung_corona
Halsschmerzen,diagnostik_symptome_beschreibung_corona
Selbsteinschätzung,diagnostik_symptome_beschreibung_corona
Mir ist kalt,diagnostik_symptome_beschreibung_corona
Mir ist heiß,diagnostik_symptome_beschreibung_corona
ich fühle mich nicht gut,diagnostik_symptome_beschreibung_corona
Ich habe Halsschmerzen,diagnostik_symptome_beschreibung_corona
Ich rieche nichts mehr,diagnostik_symptome_beschreibung_corona
Ich schmecke nichts mehr,diagnostik_symptome_beschreibung_corona
Mein Hals kratzt,diagnostik_symptome_beschreibung_corona
Mir tut alles weh.,diagnostik_symptome_beschreibung_corona
Schnupfen,diagnostik_symptome_beschreibung_corona
Gliederschmerzen,diagnostik_symptome_beschreibung_corona
Husten,diagnostik_symptome_beschreibung_corona
Mir geht es dreckig und ich kann nicht mehr richtig atmen.,diagnostik_symptome_beschreibung_notfall
Ich habe Todesangst,diagnostik_symptome_beschreibung_notfall
Hilfe. Hier gibt es einen Notfall.,diagnostik_symptome_beschreibung_notfall
Mein Freund bekommt keine Luft mehr,diagnostik_symptome_beschreibung_notfall
Ich bekomme keine Luft,diagnostik_symptome_beschreibung_notfall
ich möchte mich umbringen,diagnostik_symptome_beschreibung_notfall
akute Atemnot,diagnostik_symptome_beschreibung_notfall
Seit Tagen Fieber über 39°.,diagnostik_symptome_beschreibung_notfall
Meine Mutter bekommt keine Luft mehr,diagnostik_symptome_beschreibung_notfall
Mir geht es seit mehreren Tagen enorm schlecht.,diagnostik_symptome_beschreibung_notfall
Ich kann nicht mehr atmen.,diagnostik_symptome_beschreibung_notfall
Atemnot,diagnostik_symptome_beschreibung_notfall
"Hilfe, atemnot. Was tun?",diagnostik_symptome_beschreibung_notfall
Notfall,diagnostik_symptome_beschreibung_notfall
Ich will mich umbringen,diagnostik_symptome_beschreibung_notfall
Ich muss mich krank schreiben lassen,informationen_arbeit_krankschreibung_allgemein
Wann wird mir Arbeitsunfaehigkeit bescheinigt?,informationen_arbeit_krankschreibung_allgemein
Woher bekomme ich einen Attest?,informationen_arbeit_krankschreibung_allgemein
Brauche ich einen Attest?,informationen_arbeit_krankschreibung_allgemein
Soll ich mich krankschreiben lassen?,informationen_arbeit_krankschreibung_allgemein
Kann ich mich krank schreiben lassen?,informationen_arbeit_krankschreibung_allgemein
Krankschreibung,informationen_arbeit_krankschreibung_allgemein
Ich habe eine Frage zur Krankschreibung,informationen_arbeit_krankschreibung_allgemein
Gibt es dafuer einen Krankenschein?,informationen_arbeit_krankschreibung_allgemein
"Krankenschein, gibt es das dafuer?",informationen_arbeit_krankschreibung_allgemein
AU Bescheinigung?,informationen_arbeit_krankschreibung_allgemein
Arbeitsunfaehigkeitsbescheinigung,informationen_arbeit_krankschreibung_allgemein
"Wie bekomme ich eine Krankschreibung, wenn ich das Haus nicht verlassen darf?",informationen_arbeit_krankschreibung_allgemein
Wie erhalte ich eine Krankschreibung?,informationen_arbeit_krankschreibung_allgemein
Wie sage ich es meinem Arbeitgeber?,informationen_arbeit_krankschreibung_allgemein
Ich brauche eine Krankschreibung,informationen_arbeit_krankschreibung_allgemein
Muss ich beim Gesundheitsamt die Kollegen in der Firma nennen?,informationen_arbeit_krankschreibung_allgemein
Wo krieg ich eine Krankschreibung her?,informationen_arbeit_krankschreibung_allgemein
Wie viel Lebensmittel brauche ich pro Person?,informationen_infrastruktur_einkauf_allgemein
Welche Läden haben noch offen?,informationen_infrastruktur_einkauf_allgemein
Wo kann ich noch einkaufen?,informationen_infrastruktur_einkauf_allgemein
Wie viel darf ich im Supermarkt kaufen?,informationen_infrastruktur_einkauf_allgemein
Ich brauche Lebensmittel.,informationen_infrastruktur_einkauf_allgemein
Ich will mir Klamotten kaufen.,informationen_infrastruktur_einkauf_allgemein
Wie lang haben die Supermärkte noch auf?,informationen_infrastruktur_einkauf_allgemein
Supermärkte Öffnungszeiten,informationen_infrastruktur_einkauf_allgemein
Supermärkte schließen,informationen_infrastruktur_einkauf_allgemein
Wie lang sind noch Lebensmittel verfügbar?,informationen_infrastruktur_einkauf_allgemein
Welche Vorräte sollte ich haben?,informationen_infrastruktur_einkauf_allgemein
Gibt es noch genügen Lebensmittel?,informationen_infrastruktur_einkauf_allgemein
Gehen die Lebensmittel aus?,informationen_infrastruktur_einkauf_allgemein
Drohen Versorgungsengpässe?,informationen_infrastruktur_einkauf_allgemein
Wie viel Milchprodukte sollte ich einkaufen?,informationen_infrastruktur_einkauf_allgemein
Wie viel Lebensmittel für Quarantäne,informationen_infrastruktur_einkauf_allgemein
Wie viel Liter Wasser brauche ich?,informationen_infrastruktur_einkauf_allgemein
Wie viel Reis brauche ich?,informationen_infrastruktur_einkauf_allgemein
Wie viel Nudeln brauche ich?,informationen_infrastruktur_einkauf_allgemein
Wie viel trinken brauche ich?,informationen_infrastruktur_einkauf_allgemein
Toillettenpapier,informationen_infrastruktur_einkauf_allgemein_toilettenpapier
Klopapier,informationen_infrastruktur_einkauf_allgemein_toilettenpapier
Muss ich Angst vor einer Klopapier-Knappheit haben?,informationen_infrastruktur_einkauf_allgemein_toilettenpapier
Gibt es genug Klopapier?,informationen_infrastruktur_einkauf_allgemein_toilettenpapier
Ausreichend Klopapier?,informationen_infrastruktur_einkauf_allgemein_toilettenpapier
Klopapier kaufen,informationen_infrastruktur_einkauf_allgemein_toilettenpapier
Wo finde ich Klopapier?,informationen_infrastruktur_einkauf_allgemein_toilettenpapier
Fahren Busse und Bahnen noch?,informationen_infrastruktur_nahverkehr_allgemein
Ich muss mit der Bahn fahren,informationen_infrastruktur_nahverkehr_allgemein
Fahren Straßenbahnen noch?,informationen_infrastruktur_nahverkehr_allgemein
Kann ich noch Bus oder Bahn fahren?,informationen_infrastruktur_nahverkehr_allgemein
Fährt die Bahn noch?,informationen_infrastruktur_nahverkehr_allgemein
Fährt die Deutsche Bahn noch?,informationen_infrastruktur_nahverkehr_allgemein
Fahren Busse noch?,informationen_infrastruktur_nahverkehr_allgemein
Kann ich noch mit der Bahn fahren?,informationen_infrastruktur_nahverkehr_allgemein
Ich möchte Busfahren,informationen_infrastruktur_nahverkehr_allgemein
quarantaene,informationen_infrastruktur_quarantaene_allgemein
Inkubationszeit,informationen_infrastruktur_quarantaene_allgemein
Wer beendet meine Quarantäne?,informationen_infrastruktur_quarantaene_allgemein
Wer schickt mich in Quarantäne,informationen_infrastruktur_quarantaene_allgemein
Wer ordnet Quarantänemaßnahmen an?,informationen_infrastruktur_quarantaene_allgemein
Warum 14 Tage?,informationen_infrastruktur_quarantaene_allgemein
Wer überprüft wie es den Kontaktpersonen geht,informationen_infrastruktur_quarantaene_allgemein
Gibt es eine Entschädigung für Verdienstausfälle?,informationen_infrastruktur_quarantaene_allgemein
"Was passiert, wenn ich mich nicht an die Quarantäne halte?",informationen_infrastruktur_quarantaene_allgemein
Wer kümmert sich um alltägliche Einkäufe?,informationen_infrastruktur_quarantaene_allgemein
Wie organisieren sich Betroffene zuhause?,informationen_infrastruktur_quarantaene_allgemein
Was müssen Kontaktpersonen beachten?,informationen_infrastruktur_quarantaene_allgemein
Was mach ich wenn ich nicht mehr raus soll?,informationen_infrastruktur_quarantaene_allgemein
Wie lang dauert eine Quarantäne?,informationen_infrastruktur_quarantaene_bedeutung
Wann ist Quarantäne sinnvoll?,informationen_infrastruktur_quarantaene_bedeutung
Was ist diese Selbstquarantäne?,informationen_infrastruktur_quarantaene_bedeutung
Was bedeutet Quarantäne?,informationen_infrastruktur_quarantaene_bedeutung
Wie lange dauert die Quarantäne?,informationen_infrastruktur_quarantaene_bedeutung
Es ist so einsam,informationen_infrastruktur_quarantaene_einsamkeit
Ich bin ganz allein,informationen_infrastruktur_quarantaene_einsamkeit
Ich bin einsam,informationen_infrastruktur_quarantaene_einsamkeit
Ich bin hier total alleine,informationen_infrastruktur_quarantaene_einsamkeit
Ich fühle mich alleine,informationen_infrastruktur_quarantaene_einsamkeit
Wer zahlt mir mein Gehalt in Quarantäne?,informationen_infrastruktur_quarantaene_lohnfortzahlung
"Bekomme ich Geld, wenn ich in Quarantäne gehe?",informationen_infrastruktur_quarantaene_lohnfortzahlung
Zahlt der Arbeitgeber meinen Lohn  wenn ich im verdachtsfall in Quarantäne gehe,informationen_infrastruktur_quarantaene_lohnfortzahlung
Wer bezahlt mich in Quarantäne?,informationen_infrastruktur_quarantaene_lohnfortzahlung
Kriege ich Geld in Quarantäne?,informationen_infrastruktur_quarantaene_lohnfortzahlung
"Woher erhalte ich Lebensmittel, wenn ich in Quarantäne bin?",informationen_infrastruktur_quarantaene_versorgung
Was darf ich in Quarantäne?,informationen_infrastruktur_quarantaene_versorgung
Was darf ich in Quarantäne noch tun?,informationen_infrastruktur_quarantaene_versorgung
Wer versorgt mich in Quarantäne?,informationen_infrastruktur_quarantaene_versorgung
Wie komme ich in Quarantäne an Lebensmittel?,informationen_infrastruktur_quarantaene_versorgung
Wie muss ich mich in Quarantäne verhalten?,informationen_infrastruktur_quarantaene_versorgung
Wie versorge ich mich in Quarantäne?,informationen_infrastruktur_quarantaene_versorgung
Wie werde ich in der Quarantäne mit dem lebensnotwendigen versorgt?,informationen_infrastruktur_quarantaene_versorgung
Darf ich in Quarantäne spazieren gehen?,informationen_infrastruktur_quarantaene_versorgung
Wann darf ich mich wieder draußen treffen?,informationen_politisch_ausgangssperre_allgemein
Darf ich raus?,informationen_politisch_ausgangssperre_allgemein
Darf ich noch raus gehen?,informationen_politisch_ausgangssperre_allgemein
Darf ich das Haus verlassen?,informationen_politisch_ausgangssperre_allgemein
"Ich habe kein Corona. Darf ich mit meinem Hund Gassi, während der Ausgangssperre?",informationen_politisch_ausgangssperre_allgemein
Darf ich joggen gehen?,informationen_politisch_ausgangssperre_allgemein
Kann ich in den Park gehen?,informationen_politisch_ausgangssperre_allgemein
Wie lang geht die Ausganssperre?,informationen_politisch_ausgangssperre_allgemein
Kann ich noch mit meinem Hund raus gehen?,informationen_politisch_ausgangssperre_allgemein
Wird es eine Ausgangssperre geben?,informationen_politisch_ausgangssperre_allgemein
Gibt es eine Ausgangssperre?,informationen_politisch_ausgangssperre_allgemein
Ich halte es in meiner Wohnung nicht mehr aus.,informationen_politisch_ausgangssperre_allgemein
Ich will mich mit Freunden treffen,informationen_politisch_ausgangssperre_allgemein
Ich muss arbeiten,informationen_politisch_ausgangssperre_allgemein
Darf ich zur Arbeit gehen?,informationen_politisch_ausgangssperre_allgemein
Wann darf ich wieder verreisen?,informationen_politisch_ausgangssperre_allgemein
Darf ich mit meinen Nachbarn zusammen grillen?,informationen_politisch_ausgangssperre_allgemein
Kann ich noch bedenkenlos in den Urlaub fahren?,informationen_politisch_ausgangssperre_allgemein
Wieso wird bei der Einreise am Flughafen kein Fieber gemessen?,informationen_politisch_ausgangssperre_allgemein
Wann gibt es wieder Konzerte?,informationen_politisch_ausgangssperre_allgemein
Kann ich noch ein Theatherstück anschauen?,informationen_politisch_ausgangssperre_allgemein
Warum haben die Kinos zu?,informationen_politisch_ausgangssperre_allgemein
"Ich stecke mitten im Umzug, darf ich meine Möbel von A nach B fahren?",informationen_politisch_ausgangssperre_allgemein
Kann ich mit meinen Kindern auf den Spielplatz?,informationen_politisch_ausgangssperre_allgemein
Wann wird die Ausgangssperre verhängt?,informationen_politisch_ausgangssperre_allgemein
Kann ich noch in Restaurants gehen?,informationen_politisch_ausgangssperre_allgemein
Sind Museen geschlossen?,informationen_politisch_ausgangssperre_allgemein
Sind Schwimmbäder geöffnet?,informationen_politisch_ausgangssperre_allgemein
Haben Clubs noch offen?,informationen_politisch_ausgangssperre_allgemein
Fährt mein Zug noch?,informationen_politisch_ausgangssperre_allgemein
Wie reagiert die Deutsche Bahn?,informationen_politisch_ausgangssperre_allgemein
Werden (Groß)-Veranstaltungen abgesagt?,informationen_politisch_ausgangssperre_allgemein
Welche Einschränkungen gelten für das öffentlich Leben?,informationen_politisch_ausgangssperre_allgemein
Welche Aktionen kann ich in der Fremdbetreuung noch machen? Darf ich Plätzchen backen und ähnliches?,informationen_politisch_ausgangssperre_allgemein
Was hat die Politik verordnet?,informationen_politisch_massnahmen_allgemein
Gibt es Einschränkungen im öffentlichen Leben?,informationen_politisch_massnahmen_allgemein
Gibt es aktuell Einschränkungen?,informationen_politisch_massnahmen_allgemein
Welche Maßnahmen sind aktuell wirksam?,informationen_politisch_massnahmen_allgemein
Welche Einschränkungen gibt es?,informationen_politisch_massnahmen_allgemein
Welche Einschränkungen stehen uns bevor?,informationen_politisch_massnahmen_prognose
Was macht die Regierung als nächstes?,informationen_politisch_massnahmen_prognose
Welche Maßnahmen kommen als nächstes?,informationen_politisch_massnahmen_prognose
Welche Maßnahmen stehen uns bevor?,informationen_politisch_massnahmen_prognose
Was plant die Bundesregierung noch?,informationen_politisch_massnahmen_prognose
Was hat die Kanzlerin gesagt?,informationen_politisch_oeffentlichkeitsarbeit_allgemein
Was gab es Neues in der Pressekonferenz?,informationen_politisch_oeffentlichkeitsarbeit_allgemein
Welche Aktuellen Inforamationen gibt es von der Politik?,informationen_politisch_oeffentlichkeitsarbeit_allgemein
Was gibts Neues aus der PK?,informationen_politisch_oeffentlichkeitsarbeit_allgemein
Was wurde in der Pressekonferenz Neues berichtet?,informationen_politisch_oeffentlichkeitsarbeit_allgemein
Wann kann ich neue Informationen erwarten?,informationen_politisch_oeffentlichkeitsarbeit_planung
Wann gibt es neue offizielle Informationen?,informationen_politisch_oeffentlichkeitsarbeit_planung
Wann gibt es die nächste Pressekonferenz zum Corona?,informationen_politisch_oeffentlichkeitsarbeit_planung
Wann gibts wieder eine PK?,informationen_politisch_oeffentlichkeitsarbeit_planung
Wann spricht die Kanzlerin wieder?,informationen_politisch_oeffentlichkeitsarbeit_planung
"Wohin kommen Häftlinge, wenn sie Corona haben?",informationen_politisch_sondergruppen_haeftlinge
Wie sieht es mit Gefängnissen aus?,informationen_politisch_sondergruppen_haeftlinge
Bleibt die JVA auch bei Corona sicher?,informationen_politisch_sondergruppen_haeftlinge
Gibt es Corona auch im Gefängnis?,informationen_politisch_sondergruppen_haeftlinge
"Was passiert mit Häftlingen, wenn sie Corona haben?",informationen_politisch_sondergruppen_haeftlinge
"Wohin kommen corona Patienten, wenn sie Gefängnisinsassen sind?",informationen_politisch_sondergruppen_haeftlinge
"Muss ich es Melden, wenn ich Corona habe?",informationen_rechtlich_meldepflicht_allgemein
An wen muss man einen Verdacht melden?,informationen_rechtlich_meldepflicht_allgemein
Wohin melde ich mich beim Verdachtsfall?,informationen_rechtlich_meldepflicht_allgemein
"Wo muss ich mich melden, wenn ich den Verdacht habe, infiziert zu sein?",informationen_rechtlich_meldepflicht_allgemein
Wann muss ich meine Firma schließen?,informationen_rechtlich_unternehmensschliessung_allgemein
Muss ich meine Firma schließen wenn ich einen corona Fall habe ?,informationen_rechtlich_unternehmensschliessung_allgemein
Wann muss ich meine Büros schließen?,informationen_rechtlich_unternehmensschliessung_allgemein
Ist Bayern ein Risikogebiet?,informationen_statistik_info_risikogebiet
Was sind besonders betroffene Gebiete in Deutschland?,informationen_statistik_info_risikogebiet
Wie ist die Lage in Hamburg?,informationen_statistik_info_risikogebiet
Ist Hamburg ein Risikogebiet?,informationen_statistik_info_risikogebiet
Was sind die aktuellen Risikogebiete?,informationen_statistik_info_risikogebiet
Wiehoch ist das Risiko zu sterben?,informationen_statistik_info_update
Wie viele Fälle gibt es in,informationen_statistik_info_update
Wieviele Erkrankungen gibt es weltweit?,informationen_statistik_info_update
Wieviele Leute sind infiziert?,informationen_statistik_info_update
Wieviele Leute sind an Corona gestorben?,informationen_statistik_info_update
Fälle UK,informationen_statistik_info_update
Aktuelle Anzahl Infizierter,informationen_statistik_info_update
Wie viele Infizierte gibt es in München?,informationen_statistik_info_update
Wie sehen die Zahlen in Bayern aus?,informationen_statistik_info_update
"Ich möchte wissen, wie schnell sich das Virus in Südkorea ausbreitet.",informationen_statistik_info_update
Wie hoch ist das Risiko in Deutschland,informationen_statistik_info_update
Ist das Risiko in Deutschland hoch?,informationen_statistik_info_update
Wieviele Leute sind in den USA infiziert?,informationen_statistik_info_update
wie ist die lage in hamburg?,informationen_statistik_info_update
Wie ist die Lage in Berlin?,informationen_statistik_info_update
Wie viele Infektionen gibt es in der Hauptstadt?,informationen_statistik_info_update
Wie hoch ist das Risiko in Regensburg?,informationen_statistik_info_update
Was ist in München los?,informationen_statistik_info_update
Ich möchte Informationen zu meiner Stadt.,informationen_statistik_info_update
Was wird mit 'Flatten The Curve' gemeint?,informationen_statistik_info_update
Wie lange wird Corona dauern?,informationen_statistik_info_update
Wird die Kurve schon flacher?,informationen_statistik_info_update
Wieviele Erkrankte müssen ins Krankenhaus?,informationen_statistik_info_update
Wieviele schwere Verläufe gibt es?,informationen_statistik_info_update
Wie hoch ist die Sterberate?,informationen_statistik_info_update
Wieviel Prozent werden beatmet?,informationen_statistik_info_update
Was ist das mittlere Erkrankungsalter?,informationen_statistik_info_update
Wieviele Leute sind genesen?,informationen_statistik_info_update
Gib mir die neuesten Zahlen zu Corona,informationen_statistik_info_update
Wieviele Todesfälle gab es heute?,informationen_statistik_info_update
Wieviele Neuerkrankungen gab es heute?,informationen_statistik_info_update
"Wie schütze ich andere Menschen, wenn ich bereits mit dem Virus infiziert bin?",informationen_virus_infektion_gesichert
Wie lange muss ich zuhause bleiben?,informationen_virus_infektion_gesichert
"Bei mir wurde eine Infektion bestätigt, was muss ich jetzt machen?",informationen_virus_infektion_gesichert
"Ich habe corona, was tun?",informationen_virus_infektion_gesichert
"Ich habe corona, was soll ich tun?",informationen_virus_infektion_gesichert
Was kann ich tun damit der Virus bei mir nicht so schlimm verläuft?,informationen_virus_infektion_gesichert
Wie kann ich meine Symptome lindern?,informationen_virus_infektion_gesichert
Darf ich meine Enkelkinder sehen?,informationen_virus_infektion_gesichert
"Infektion wurde bei mir bestaetigt, was soll ich machen?",informationen_virus_infektion_gesichert
"Bei mir wurde eine Infektion bestaegigt, was muss ich jetzt machen?",informationen_virus_infektion_gesichert
"Bei mir wurde Corona festgestellt, was nun?",informationen_virus_infektion_gesichert
Was mache ich wenn das Virus bei mir festgestellt wurde?,informationen_virus_infektion_gesichert
Was mache ich wenn ich infiziert bin?,informationen_virus_infektion_gesichert
"Was soll ich tun, wenn ich kontakt zu einem infizierten hatte?",informationen_virus_infektion_verdacht
"Wie verhalte ich mich, wenn ich eventuell Corona habe?",informationen_virus_infektion_verdacht
"Was sollte ich tun, wenn ich den Verdacht habe, mich angesteckt zu haben?",informationen_virus_infektion_verdacht
Was mache ich wenn ich ein Verdachtsfall bin?,informationen_virus_infektion_verdacht
Bin ich infiziert?,informationen_virus_infektion_verdacht
"Was muss ich tun, wenn ich ein Corona-Verdachtsfall bin bzw. eine bestaetigte Corona-Infizierung habe?",informationen_virus_infektion_verdacht
Ich glaube ich hab Corona,informationen_virus_infektion_verdacht
Was macht Corona?,informationen_virus_info_allgemein
Was ist Corona?,informationen_virus_info_allgemein
Was ist denn dieses neue Coronavirus?,informationen_virus_info_allgemein
Was ist das Virus denn eigentlich?,informationen_virus_info_allgemein
Seit wann gibt es Corona?,informationen_virus_info_allgemein
verlauf,informationen_virus_info_allgemein
Wer ist besonders gefährdet?,informationen_virus_info_allgemein
Was ist das Corona Virus?,informationen_virus_info_allgemein
Woher kommt corona?,informationen_virus_info_allgemein
Werden Kinder krank?,informationen_virus_info_allgemein
Woher kommt der Virus?,informationen_virus_info_allgemein
Kannst Du mir sagen was Corona eigentlich ist?,informationen_virus_info_allgemein
Was ist das Virus?,informationen_virus_info_allgemein
Wie gefährlich ist das Coronavirus?,informationen_virus_info_allgemein
"Was ist das Risiko, wenn ich an Corona erkranke?",informationen_virus_info_allgemein
Woher kommt der Name?,informationen_virus_info_allgemein
Wie lautet die Definition von Corona?,informationen_virus_info_allgemein
Was steckt hinter dem Virus?,informationen_virus_info_allgemein
Corona ist sehr ansteckend,informationen_virus_info_ansteckung
Kann das Virus über die Haut übertragen werden,informationen_virus_info_ansteckung
Überlebt der Virus auf Oberflächen?,informationen_virus_info_ansteckung
Warum sollte man keine Hände schütteln?,informationen_virus_info_ansteckung
Wie ist Sars-Cov2 übertragbar?,informationen_virus_info_ansteckung
Wie lange ist das Virus auf Gegenständen übertragbar?,informationen_virus_info_ansteckung
Ist Schmierinfektion ein Übertragungsweg?,informationen_virus_info_ansteckung
Kann der Coronavirus über die Luft übertragen werden?,informationen_virus_info_ansteckung
Können Viren auf Essen überleben?,informationen_virus_info_ansteckung
Wie wird das Virus übertragen?,informationen_virus_info_ansteckung
Was ist Tröpfcheninfektion?,informationen_virus_info_ansteckung
Wie stecke ich mich an?,informationen_virus_info_ansteckung
Wie kann ich mich anstecken?,informationen_virus_info_ansteckung
Wie entsteht die Infektion?,informationen_virus_info_ansteckung
Wodurch entsteht eine Infektion?,informationen_virus_info_ansteckung
Womit kann ich mich anstecken?,informationen_virus_info_ansteckung
Welche Übertragungswege existieren?,informationen_virus_info_ansteckung
Wer ist ansteckend?,informationen_virus_info_ansteckung
Was kann mich anstecken?,informationen_virus_info_ansteckung
Was kann mich infizieren?,informationen_virus_info_ansteckung
Wie ansteckend ist corona?,informationen_virus_info_ansteckung
Warum ist Covid19 so infektiös?,informationen_virus_info_ansteckung
Warum ist Corona so stark ansteckend?,informationen_virus_info_ansteckung
Welche Ansteckungsmöglichkeiten existieren?,informationen_virus_info_ansteckung
Wie sieht es mit Imunität aus?,informationen_virus_info_immunitaet
Wie lange bin ich immun?,informationen_virus_info_immunitaet
Bin ich nach einer Erkrankung immun?,informationen_virus_info_immunitaet
"Kann ich erneut krank werden, wenn ich schon Corona hatte?",informationen_virus_info_immunitaet
"Bin ich immun, wenn ich Corona schon hatte?",informationen_virus_info_immunitaet
Bin ich resistent gegen Corona,informationen_virus_info_immunitaet
Corona zweites Mal,informationen_virus_info_immunitaet
Zeitraum immun,informationen_virus_info_immunitaet
Corona nochmal bekommen,informationen_virus_info_immunitaet
Kann man corona mehrmals bekommen?,informationen_virus_info_immunitaet
Bin ich nach einmaligem Anstecken mit dem Coronavirus dauerhaft immun?,informationen_virus_info_immunitaet
"Bin ich immun, wenn ich mich schon infiziert habe?",informationen_virus_info_immunitaet
Wann kann ich mich wieder anstecken,informationen_virus_info_immunitaet
Wie sieht es mit Immunität aus?,informationen_virus_info_immunitaet
Kann man zwei mal an Corona erkranken?,informationen_virus_info_immunitaet
Kann man mehrfach an Corona erkranken?,informationen_virus_info_immunitaet
Wie lange hält die Immunität,informationen_virus_info_immunitaet
ich will mich umbringe,informationen_virus_info_katrastrophe
Werde ich an Corona sterben?,informationen_virus_info_katrastrophe
Werden noch mehr Menschen sterben?,informationen_virus_info_katrastrophe
Das Virus tötet alle,informationen_virus_info_katrastrophe
Wir sind verloren,informationen_virus_info_katrastrophe
Wir werden alle sterben,informationen_virus_info_katrastrophe
Werde ich sterben?,informationen_virus_info_katrastrophe
Werden wir alle sterben?,informationen_virus_info_katrastrophe
Ich habe ein Baby,informationen_virus_info_kleinkinder
"Muss ich etwas beachten, wenn ich schwanger bin?",informationen_virus_info_kleinkinder
Was ist mit meinem Neugeborenen?,informationen_virus_info_kleinkinder
"Ist Corona gefährlich, wenn man schwanger ist?",informationen_virus_info_kleinkinder
Wie schütze ich mein Baby?,informationen_virus_info_kleinkinder
Ich bin schwanger,informationen_virus_info_kleinkinder
"Was muss ich tun, um mein Baby zu schützen?",informationen_virus_info_kleinkinder
Was muss ich mit meinem Baby beachten?,informationen_virus_info_kleinkinder
Muss ich mit Langzeitschäden rechnen?,informationen_virus_info_langzeitschaeden
Sind Langzeitschäden bekannt?,informationen_virus_info_langzeitschaeden
Bleiben nach der Ansteckung mit Corona Langzeitschäden?,informationen_virus_info_langzeitschaeden
Langfristige Gesundheitsprobleme Corona,informationen_virus_info_langzeitschaeden
Langfristige Beeinträchtigung,informationen_virus_info_langzeitschaeden
Zukünftige Gesundheitsprobleme,informationen_virus_info_langzeitschaeden
Langfristige Folgen Gesundheit,informationen_virus_info_langzeitschaeden
Folgeschäden Corona,informationen_virus_info_langzeitschaeden
Gibt es Langzeitschäden von Corona?,informationen_virus_info_langzeitschaeden
Welche Symptome habe ich bei corona?,informationen_virus_info_symptome
"Ich huste, habe ich corona?",informationen_virus_info_symptome
Was sind die Symptome?,informationen_virus_info_symptome
Welche Symptome hat Corona?,informationen_virus_info_symptome
Welche Symptome gibts beim Virus?,informationen_virus_info_symptome
Sind Tiere durch Corona gefährdet?,informationen_virus_info_tier
Können sich Haustiere wie Hund oder Katze mit Corona infizieren?,informationen_virus_info_tier
Hund in Hongkong positiv getestet,informationen_virus_info_tier
Trennung von Haustier,informationen_virus_info_tier
Kann meine Katze Corona bekommen?,informationen_virus_info_tier
Mein Tier hat Corona,informationen_virus_info_tier
Mein Hund hat Corona,informationen_virus_info_tier
Meine Katze hat Corona,informationen_virus_info_tier
Muss ich Abstand zu meinem Haustier halten?,informationen_virus_info_tier
Kann mein Haustier Corona bekommen?,informationen_virus_info_tier
Darf ich meinen Hund streicheln?,informationen_virus_info_tier
Kann ich meinem Haustier den Virus übertragen?,informationen_virus_info_tier
Ist der Virus für mein Haustier ansteckend?,informationen_virus_info_tier
Ist der Virus für mein Tier ansteckend?,informationen_virus_info_tier
Können Tier das Virus übertragen?,informationen_virus_info_tier
Darf ich mit meiner Katze spielen?,informationen_virus_info_tier
Können Tiere das Virus übertragen?,informationen_virus_info_tier
Wie lange ist die Intubationszeit?,informationen_virus_info_verlauf
krankheit verlauf,informationen_virus_info_verlauf
Wie lange werde ich krank sein?,informationen_virus_info_verlauf
Wie ist der Krakheitsverlauf?,informationen_virus_info_verlauf
Wann geht es mir besonders schlecht?,informationen_virus_info_verlauf
Welches Desinfektionsmittel benutze ich für die Oberflächen,informationen_virus_praevention_allgemein
Infektionsschutz,informationen_virus_praevention_allgemein
Abstand halten? Es hat sehr viel mit Nähe zu tun,informationen_virus_praevention_allgemein
Präventivmaßnahmen,informationen_virus_praevention_allgemein
Prävention,informationen_virus_praevention_allgemein
Wie sind die aktuellen Präventivmaßnahmen?,informationen_virus_praevention_allgemein
Wie kann ich mich vor Ansteckung schützen,informationen_virus_praevention_allgemein
Soll ich noch selbst einkaufen gehen?,informationen_virus_praevention_allgemein
Wie kann ich mich schützen?,informationen_virus_praevention_allgemein
"Was muss getan werden, um der Erkrankungswelle bestmöglich zu begegnen?",informationen_virus_praevention_allgemein
Helfen warme Getränke damit der Virus nicht in meine Lunge geht,informationen_virus_praevention_allgemein
Gib mir einen Ratschlag.,informationen_virus_praevention_allgemein
Ich brauch eine Rat von dir.,informationen_virus_praevention_allgemein
Was ist dein Rat?,informationen_virus_praevention_allgemein
Was schlägst du vor?,informationen_virus_praevention_allgemein
Hilfe was nun?,informationen_virus_praevention_allgemein
Was soll ich tun?,informationen_virus_praevention_allgemein
Was rätst du mir?,informationen_virus_praevention_allgemein
Was muss ich machen?,informationen_virus_praevention_allgemein
Was darf ich jetzt noch tun?,informationen_virus_praevention_allgemein
Worauf muss ich achten?,informationen_virus_praevention_allgemein
Was empfieht die Regierung zu tun?,informationen_virus_praevention_allgemein
Sollte ich zum Arzt gehen?,informationen_virus_praevention_allgemein
Wie soll ich mich verhalten?,informationen_virus_praevention_allgemein
Was sind die momentanen Empfehlungen?,informationen_virus_praevention_allgemein
Wie schütze ich mich bei der Betreuung von Kindern? Mundschutz? Abstand halten? Es hat sehr viel mit Nähe zu tun,informationen_virus_praevention_allgemein
Was empfiehlst du mir zu tun?,informationen_virus_praevention_allgemein
Welches Desinfektionsmittel hilft gegen den Virus,informationen_virus_praevention_allgemein
Wie lange muss man die Hände waschen?,informationen_virus_praevention_haendewaschen
Reicht Seife beim Händewaschen?,informationen_virus_praevention_haendewaschen
Wie wasche ich meine Hände richtig?,informationen_virus_praevention_haendewaschen
Wie wäscht man sich die Hände?,informationen_virus_praevention_haendewaschen
Was hat es mit Happy Birthday auf sich?,informationen_virus_praevention_haendewaschen
Gibt es Desinfektionsmittel extra für Oberflächen?,informationen_virus_praevention_haendewaschen_desinfektion
Woran erkenne ich ob das Desinfektionsmittel geeignet ist?,informationen_virus_praevention_haendewaschen_desinfektion
Hilft Händedesinfektionsmittel bei Reinigung von Oberflächen?,informationen_virus_praevention_haendewaschen_desinfektion
Welches Desinfektionsmittel sollte ich verwenden?,informationen_virus_praevention_haendewaschen_desinfektion
Säubern der Wohnung,informationen_virus_praevention_haendewaschen_desinfektion
Entfernen von Viren im Haushalt,informationen_virus_praevention_haendewaschen_desinfektion
Sollte ich mein Handy desinfizieren?,informationen_virus_praevention_haendewaschen_desinfektion
Wie befreie ich Oberflächen von Viren?,informationen_virus_praevention_haendewaschen_desinfektion
Muss man alle Oberflächen desinfizieren?,informationen_virus_praevention_haendewaschen_desinfektion
Muss ich meine Wohnung desinfizieren?,informationen_virus_praevention_haendewaschen_desinfektion
Müssen sich alle Bürger impfen lassen wenn es eine Impfung gibt?,informationen_virus_praevention_impfung
Wie schnell kann ein Impstoff entwickelt werden?,informationen_virus_praevention_impfung
Wie lange dauert es bis ein Impfstoff zugelassen ist?,informationen_virus_praevention_impfung
Kann man sich gegen COVID-19 impfen lassen?,informationen_virus_praevention_impfung
Kann man sich durch einen einfachen Mundschutz vor Corona schützen? Wie schütze ich mich bei der Betreuung von Kindern?,informationen_virus_praevention_infektionsschutz
Kann man sich durch einen einfachen Mundschutz vor Corona schützen?,informationen_virus_praevention_infektionsschutz
"Soll ich eine Maske tragen, um mich selbst zu schützen?",informationen_virus_praevention_infektionsschutz
Sollte ich eine Atemmaske trainieren?,informationen_virus_praevention_infektionsschutz
Helfen Atemschutzmasken?,informationen_virus_praevention_infektionsschutz
Helfen Atemmasken?,informationen_virus_praevention_infektionsschutz
Mundschutz?,informationen_virus_praevention_infektionsschutz
Ist es sinnvoll einen Mundschutz zu tragen?,informationen_virus_praevention_infektionsschutz
Medizin bei Corona,informationen_virus_praevention_medikament
Kann ich mir in der Apotheke etwas kaufen?,informationen_virus_praevention_medikament
Arzneimittel Corona,informationen_virus_praevention_medikament
Gibt es ein Heilmittel?,informationen_virus_praevention_medikament
Existiert ein Pharmazeutikum?,informationen_virus_praevention_medikament
Welche Medikamente kann ich bei einer Corona Infektion einnehmen?,informationen_virus_praevention_medikament
Hilft ein Malaria Medikament gegen Corona?,informationen_virus_praevention_medikament
Welche Medikamente helfen gegen Corona?,informationen_virus_praevention_medikament
"Ist Antibiotika gut, um mich davor zu schützen?",informationen_virus_praevention_medikament
Wurde schon ein Mittel gegen Coronavirus entwickelt?,informationen_virus_praevention_medikament
"Gibt es Medikamente, um mich praeventiv zu schützen?",informationen_virus_praevention_medikament
Wann wird es ein Medikament gegen Corona geben?,informationen_virus_praevention_medikament
Gibt es bereits ein Medikament gegen Corona?,informationen_virus_praevention_medikament
Wann bekommt man  die Testergebnisse ?,informationen_virus_test_ablauf
Hat die Bundesregierung vor alle Bürger zu testen?,informationen_virus_test_ablauf
Muss ich beim Testcenter vorher anrufen ?,informationen_virus_test_ablauf
Kann ich für einen Test einfach zum Arzt gehen?,informationen_virus_test_ablauf
Wer macht den Test wenn ich nicht zur teststation fahren kann?,informationen_virus_test_ablauf
Wie läuft ein Test ab?,informationen_virus_test_ablauf
Wie ist der Testablauf?,informationen_virus_test_ablauf
"Wie lange dauert es, bis ich mein Testergebnis bekomme?",informationen_virus_test_ablauf
Wie funktioniert ein Test?,informationen_virus_test_ablauf
Wo finde ich die Testcenter?,informationen_virus_test_ablauf
Darf ich wenn ich den Verdacht habe den Virus zu haben einfach ins Krankenhaus fahren,informationen_virus_test_ablauf
Kann ich einen Test online bestellen?,informationen_virus_test_ablauf
Kann ich eine Test selber von zu Hause aus machen?,informationen_virus_test_ablauf
Wie teuer ist ein Test?,informationen_virus_test_kosten
Wer bezahlt einen Test?,informationen_virus_test_kosten
Kann ich mir einen Test leisten?,informationen_virus_test_kosten
Muss ich den Test selbst bezahlen?,informationen_virus_test_kosten
Ist der corona Test kostenlos?,informationen_virus_test_kosten
Ist ein Test kostenfrei?,informationen_virus_test_kosten
Was kostet ein Test?,informationen_virus_test_kosten
Wie verfügbar sind Tests?,informationen_virus_test_verfuegbarkeit
Sollte ich mich testen lassen?,informationen_virus_test_verfuegbarkeit
Ich brauch einen Test.,informationen_virus_test_verfuegbarkeit
Ich möchte auf Corona getestet werden,informationen_virus_test_verfuegbarkeit
Wie lasse ich mich testen?,informationen_virus_test_verfuegbarkeit
Kann ich mich testen lassen?,informationen_virus_test_verfuegbarkeit
"Wer entscheidet, ob ein Test durchgeführt wird?",informationen_virus_test_verfuegbarkeit
"Wer entscheidet, ob ich mich testen lassen kann?",informationen_virus_test_verfuegbarkeit
Ergibt ein Test bei mir sinn?,informationen_virus_test_verfuegbarkeit
Kann sich jeder testen lassen?,informationen_virus_test_verfuegbarkeit
"An wen wende ich mich, wenn ich mich krank fühle?",informationen_virus_test_verfuegbarkeit
"Ich möchte getestet werden, warum passiert das nicht?",informationen_virus_test_verfuegbarkeit
Wo kann ich mich testen lassen?,informationen_virus_test_verfuegbarkeit
Muss ich für einen Test ins Krankenhaus?,informationen_virus_test_verfuegbarkeit
Kann ich auch ohne ärztlichen Bescheid einen Test durchführen?,informationen_virus_test_verfuegbarkeit
Kann ich mich auch ohne Arzt testen lassen?,informationen_virus_test_verfuegbarkeit
"Kann ich mich testen lassen obwohl mein Arzt sagt, dass ich keinen Test bekomme?",informationen_virus_test_verfuegbarkeit
Gibt es in der Apotheke einen Corona Test zu kaufen?,informationen_virus_test_verfuegbarkeit
Kann ich mich selbst testen?,informationen_virus_test_verfuegbarkeit
Gibt es einen Schnelltest?,informationen_virus_test_verfuegbarkeit
Existiert ein Test?,informationen_virus_test_verfuegbarkeit
Kann man sich auf Corona testen lassen?,informationen_virus_test_verfuegbarkeit
Gibt es einen Test für Corona?,informationen_virus_test_verfuegbarkeit
Kann man sich testen lassen?,informationen_virus_test_verfuegbarkeit
Kann das Virus behandelt werden?,informationen_virus_therapie_behandlung
Wie kann ich das Virus behandeln?,informationen_virus_therapie_behandlung
Wie sieht eine Behandlung aus?,informationen_virus_therapie_behandlung
Wie kann ich COVID-19 behandeln?,informationen_virus_therapie_behandlung
Wie kann ich Corona behandeln?,informationen_virus_therapie_behandlung
Kann man das Virus behandeln?,informationen_virus_therapie_behandlung
Wie sieht die Behandlung aus?,informationen_virus_therapie_behandlung
Gibt es eine Behandlung?,informationen_virus_therapie_behandlung
Kann es behandelt werden?,informationen_virus_therapie_behandlung
Wie wird es behandelt?,informationen_virus_therapie_behandlung
Was muss ich beachten wenn ich zum Arzt gehe?,informationen_virus_therapie_praxisbesuch
Worauf muss ich achten wenn ich eine Praxis besuche?,informationen_virus_therapie_praxisbesuch
"Ich habe einen Arzttermin, kann ich den wahrnehmen?",informationen_virus_therapie_praxisbesuch
Darf man noch zum Arzt?,informationen_virus_therapie_praxisbesuch
Gibt es spezielle Dinge zu beachten wenn ich zum Arzt will?,informationen_virus_therapie_praxisbesuch
Darf ich noch in eine Praxis?,informationen_virus_therapie_praxisbesuch
Was muss ich beachten wenn ich eine Arztpraxis beachten?,informationen_virus_therapie_praxisbesuch
Wie kann ich mit euch kommunizieren?,kontakt_allgemein_bestaetigt_erkrankt
Ich würde euch gerne kontaktieren,kontakt_allgemein_bestaetigt_erkrankt
Wie kann ich euch erreichen?,kontakt_allgemein_bestaetigt_erkrankt
Ich brauche euren Kontakt,kontakt_allgemein_bestaetigt_erkrankt
Kontakt?,kontakt_allgemein_bestaetigt_erkrankt
Hast du einen Kontakt für mich?,kontakt_allgemein_bestaetigt_erkrankt
Gib mir den Kontakt,kontakt_allgemein_bestaetigt_erkrankt
gebt mir eure anschrift,kontakt_allgemein_bestaetigt_erkrankt
wo kann ich eure kontaktdaten finden?,kontakt_allgemein_bestaetigt_erkrankt
Telefonnummer,kontakt_allgemein_bestaetigt_erkrankt
ich suche die Kontaktdaten,kontakt_allgemein_bestaetigt_erkrankt
Wie kann ich mich mit euch in Verbindung setzen?,kontakt_allgemein_bestaetigt_erkrankt
Wo finde ich euren Kontakt?,kontakt_allgemein_bestaetigt_erkrankt
Ich brauche persönliche Beratung,MenschenSprechen
Wo kann ich anrufen?,MenschenSprechen
Mit welcher Person kann ich sprechen?,MenschenSprechen
Mit wem kann ich sprechen?,MenschenSprechen
Verbinde mich mit einem Menschen,MenschenSprechen
Mensch telefonieren,MenschenSprechen
Telefonnummer Mensch,MenschenSprechen
Wie erreiche ich eine Person.,MenschenSprechen
Wen kann ich kontaktieren?,MenschenSprechen
Wo kann ich mich beraten lassen,MenschenSprechen
Mit wem kann ich reden?,MenschenSprechen
Ich möchte mit einem Menschen sprechen.,MenschenSprechen
Analyze my sentence with NLU,nlu
Ich will einen Selbsttest durchführen,Risikoeinschätzung
Chritee selbsttest,Risikoeinschätzung
Charitee Risiko Einschätzung,Risikoeinschätzung
Wie hoch ist mein Risiko?,Risikoeinschätzung
Welches Risiko habe ich?,Risikoeinschätzung
Welches Risiko an Corona Erkrankt zu sein habe ich?,Risikoeinschätzung
Was ist mein Risiko?,Risikoeinschätzung
Selbsttest,Risikoeinschätzung
Ist ein selbsttest möglich?,Risikoeinschätzung
Ich möchte eine Risikoeinschätzung durchführen,Risikoeinschätzung
